{"cameraMode":{"drawMode":1,"name":"Wireframe","section":"Shading Mode"},"sceneLighting":false,"audioPlay":false,"sceneViewState":{"m_AlwaysRefresh":false,"showFog":true,"showSkybox":false,"showFlares":true,"showImageEffects":true,"showParticleSystems":true,"showVisualEffectGraphs":true,"m_FxEnabled":true},"in2DMode":false,"pivot":{"x":0.286009818315506,"y":-0.17817342281341554,"z":-0.06529589742422104},"rotation":{"x":-0.09752330929040909,"y":-0.051632288843393329,"z":0.005062794778496027,"w":-0.9938879609107971},"size":2.3802175521850588,"orthographic":false}