{"cameraMode":{"drawMode":1,"name":"Wireframe","section":"Shading Mode"},"sceneLighting":false,"audioPlay":false,"sceneViewState":{"m_AlwaysRefresh":false,"showFog":true,"showSkybox":false,"showFlares":true,"showImageEffects":true,"showParticleSystems":true,"showVisualEffectGraphs":true,"m_FxEnabled":true},"in2DMode":false,"pivot":{"x":-0.3734443187713623,"y":1.2142579555511475,"z":0.25664710998535159},"rotation":{"x":-0.14106816053390504,"y":-0.19264627993106843,"z":0.027985766530036928,"w":-0.970730185508728},"size":10.02759075164795,"orthographic":false}